A,B,C
2021?9?1?,2.137,-0.88%
2021?8?31?,2.156,-2.84%
2021?8?30?,2.219,-1.77%
2021?8?27?,2.259,0.67%
2021?8?26?,2.244,-3.77%
2021?8?25?,2.332,-1.27%
2021?8?24?,2.362,1.46%
2021?8?23?,2.328,1.97%
2021?8?20?,2.283,0.35%
2021?8?19?,2.275,1.79%
2021?8?18?,2.235,0.59%
2021?8?17?,2.222,-4.06%
2021?8?16?,2.316,1.05%
2021?8?13?,2.292,-4.06%
2021?8?12?,2.389,1.31%
2021?8?11?,2.358,0.47%
2021?8?10?,2.347,-1.72%
2021?8?9?,2.388,-2.33%
2021?8?6?,2.445,-2.16%
2021?8?5?,2.499,0.16%
2021?8?4?,2.495,4.96%
2021?8?3?,2.377,-6.20%
2021?8?2?,2.534,-3.50%
2021?7?30?,2.626,3.63%
2021?7?29?,2.534,7.88%
2021?7?28?,2.349,-0.93%
2021?7?27?,2.371,1.11%
2021?7?26?,2.345,2.99%
2021?7?23?,2.277,-0.52%
2021?7?22?,2.289,4.76%
2021?7?21?,2.185,4.70%
2021?7?20?,2.087,1.76%
2021?7?19?,2.051,0.39%
2021?7?16?,2.043,-2.25%
2021?7?15?,2.09,0.53%
2021?7?14?,2.079,-0.76%
2021?7?13?,2.095,-4.73%
2021?7?12?,2.199,1.15%
2021?7?9?,2.174,-1.41%
2021?7?8?,2.205,3.91%
2021?7?7?,2.122,2.41%
2021?7?6?,2.072,-2.08%
2021?7?5?,2.116,4.24%
2021?7?2?,2.03,-2.73%
2021?7?1?,2.087,-2.34%
2021?6?30?,2.137,5.06%
2021?6?29?,2.034,-0.64%
2021?6?28?,2.047,2.15%
2021?6?25?,2.004,1.88%
2021?6?24?,1.967,-2.53%
2021?6?23?,2.018,4.51%
2021?6?22?,1.931,-0.26%
2021?6?21?,1.936,-1.38%
2021?6?18?,1.963,1.13%
2021?6?17?,1.941,8.31%
2021?6?16?,1.792,-2.71%
2021?6?15?,1.842,1.49%
2021?6?14?,1.815,0.00%
2021?6?11?,1.815,-2.05%
2021?6?10?,1.853,1.53%
2021?6?9?,1.825,1.22%
2021?6?8?,1.803,-1.04%
2021?6?7?,1.822,1.50%
2021?6?4?,1.795,2.05%
2021?6?3?,1.759,-1.40%
2021?6?2?,1.784,-0.61%
2021?6?1?,1.795,1.87%
2021?5?31?,1.762,2.03%
2021?5?28?,1.727,-0.97%
2021?5?27?,1.744,4.81%
2021?5?26?,1.664,-0.72%
2021?5?25?,1.676,3.14%
2021?5?24?,1.625,1.12%
2021?5?21?,1.607,-1.05%
2021?5?20?,1.624,-0.06%
2021?5?19?,1.625,0.68%
2021?5?18?,1.614,-0.62%
2021?5?17?,1.624,0.74%
2021?5?14?,1.612,2.41%
2021?5?13?,1.574,-0.32%
2021?5?12?,1.579,2.13%
2021?5?11?,1.546,0.19%
2021?5?10?,1.543,-2.22%
2021?5?7?,1.578,-4.83%
2021?5?6?,1.658,-1.95%
2021?5?5?,1.691,0.00%
2021?5?4?,1.691,0.00%
2021?5?3?,1.691,0.00%
2021?4?30?,1.691,-0.24%
2021?4?29?,1.695,1.07%
2021?4?28?,1.677,1.02%
2021?4?27?,1.66,-0.30%
2021?4?26?,1.665,0.36%
2021?4?23?,1.659,1.10%
2021?4?22?,1.641,0.98%
2021?4?21?,1.625,-0.25%
2021?4?20?,1.629,-0.97%
2021?4?19?,1.645,2.05%
2021?4?16?,1.612,-0.86%
2021?4?15?,1.626,-0.49%
2021?4?14?,1.634,0.49%
2021?4?13?,1.626,-1.28%
2021?4?12?,1.647,-0.72%
2021?4?9?,1.659,-0.78%
2021?4?8?,1.672,-0.48%
2021?4?7?,1.68,0.90%
2021?4?6?,1.665,-0.72%
2021?4?5?,1.677,0.00%
2021?4?2?,1.677,4.88%
2021?4?1?,1.599,4.37%
2021?3?31?,1.532,0.39%
2021?3?30?,1.526,0.13%
2021?3?29?,1.524,0.59%
2021?3?26?,1.515,1.81%
2021?3?25?,1.488,0.61%
2021?3?24?,1.479,-2.57%
2021?3?23?,1.518,-0.52%
2021?3?22?,1.526,0.46%
2021?3?19?,1.519,-0.85%
2021?3?18?,1.532,-0.45%
2021?3?17?,1.539,2.67%
2021?3?16?,1.499,-1.45%
2021?3?15?,1.521,-4.22%
2021?3?12?,1.588,-1.91%
2021?3?11?,1.619,3.32%
2021?3?10?,1.567,0.45%
2021?3?9?,1.56,-5.17%
2021?3?8?,1.645,-3.91%
2021?3?5?,1.712,-1.55%
2021?3?4?,1.739,-3.07%
2021?3?3?,1.794,-0.33%
2021?3?2?,1.8,1.81%
2021?3?1?,1.768,2.91%
2021?2?26?,1.718,-1.49%
2021?2?25?,1.744,-0.85%
2021?2?24?,1.759,0.69%
2021?2?23?,1.747,-0.63%
2021?2?22?,1.758,-2.71%
2021?2?19?,1.807,-0.66%
2021?2?18?,1.819,2.88%
2021?2?17?,1.768,0.00%
2021?2?16?,1.768,0.00%
2021?2?15?,1.768,0.00%
2021?2?12?,1.768,0.00%
2021?2?11?,1.768,0.00%
2021?2?10?,1.768,0.17%
2021?2?9?,1.765,1.15%
2021?2?8?,1.745,2.05%
2021?2?5?,1.71,-2.68%
2021?2?4?,1.757,-0.40%
2021?2?3?,1.764,-3.66%
2021?2?2?,1.831,0.55%
2021?2?1?,1.821,0.94%
2021?1?29?,1.804,-2.38%
2021?1?28?,1.848,-3.60%
2021?1?27?,1.917,-1.24%
2021?1?26?,1.941,-1.77%
2021?1?25?,1.976,0.36%
2021?1?22?,1.969,-1.65%
2021?1?21?,2.002,-0.25%
2021?1?20?,2.007,0.70%
2021?1?19?,1.993,-1.73%
2021?1?18?,2.028,5.46%
2021?1?15?,1.923,-1.54%
2021?1?14?,1.953,1.35%
2021?1?13?,1.927,2.01%
2021?1?12?,1.889,2.27%
2021?1?11?,1.847,2.10%
2021?1?8?,1.809,0.17%
2021?1?7?,1.806,-1.10%
2021?1?6?,1.826,-1.30%
2021?1?5?,1.85,4.40%
2021?1?4?,1.772,2.49%
2021?1?1?,1.729,0.00%
2020?12?31?,1.729,1.77%
2020?12?30?,1.699,1.68%
2020?12?29?,1.671,0.48%
2020?12?28?,1.663,-0.66%
2020?12?25?,1.674,-1.99%
2020?12?24?,1.708,-0.12%
2020?12?23?,1.71,2.52%
2020?12?22?,1.668,-3.30%
2020?12?21?,1.725,1.71%
2020?12?18?,1.696,-1.22%
2020?12?17?,1.717,0.76%
2020?12?16?,1.704,-1.79%
2020?12?15?,1.735,-1.87%
2020?12?14?,1.768,0.40%
2020?12?11?,1.761,0.06%
2020?12?10?,1.76,1.85%
2020?12?9?,1.728,-2.32%
2020?12?8?,1.769,0.17%
2020?12?7?,1.766,1.26%
2020?12?4?,1.744,-0.29%
2020?12?3?,1.749,-2.29%
2020?12?2?,1.79,0.79%
2020?12?1?,1.776,1.02%
2020?11?30?,1.758,1.50%
2020?11?27?,1.732,0.52%
2020?11?26?,1.723,-1.37%
2020?11?25?,1.747,-0.29%
2020?11?24?,1.752,0.86%
2020?11?23?,1.737,0.29%
2020?11?20?,1.732,-0.86%
2020?11?19?,1.747,-0.11%
2020?11?18?,1.749,-0.29%
2020?11?17?,1.754,1.62%
2020?11?16?,1.726,-1.88%
2020?11?13?,1.759,1.68%
2020?11?12?,1.73,0.64%
2020?11?11?,1.719,-6.42%
2020?11?10?,1.837,-3.52%
2020?11?9?,1.904,8.74%
2020?11?6?,1.751,2.28%
2020?11?5?,1.712,1.78%
2020?11?4?,1.682,-1.29%
2020?11?3?,1.704,1.55%
2020?11?2?,1.678,2.69%
2020?10?30?,1.634,3.09%
2020?10?29?,1.585,0.19%
2020?10?28?,1.582,0.19%
2020?10?27?,1.579,1.41%
2020?10?26?,1.557,0.91%
2020?10?23?,1.543,-2.28%
2020?10?22?,1.579,-0.50%
2020?10?21?,1.587,-2.40%
2020?10?20?,1.626,0.00%
2020?10?19?,1.626,-0.91%
2020?10?16?,1.641,-0.12%
2020?10?15?,1.643,-0.18%
2020?10?14?,1.646,-2.66%
2020?10?13?,1.691,-1.46%
2020?10?12?,1.716,6.06%
2020?10?9?,1.618,2.47%
2020?10?8?,1.579,0.00%
2020?10?7?,1.579,0.00%
2020?10?6?,1.579,0.00%
2020?10?5?,1.579,0.00%
2020?10?2?,1.579,0.00%
2020?10?1?,1.579,0.00%
2020?9?30?,1.579,0.13%
2020?9?29?,1.577,1.48%
2020?9?28?,1.554,-1.83%
2020?9?25?,1.583,-1.80%
2020?9?24?,1.612,-1.77%
2020?9?23?,1.641,0.92%
2020?9?22?,1.626,-1.39%
2020?9?21?,1.649,-1.20%
2020?9?18?,1.669,0.72%
2020?9?17?,1.657,1.97%
2020?9?16?,1.625,-0.37%
2020?9?15?,1.631,1.68%
2020?9?14?,1.604,0.63%
2020?9?11?,1.594,3.10%
2020?9?10?,1.546,-0.51%
2020?9?9?,1.554,-4.55%
2020?9?8?,1.628,-1.81%
2020?9?7?,1.658,-6.01%
2020?9?4?,1.764,2.14%
2020?9?3?,1.727,1.71%
2020?9?2?,1.698,-2.13%
2020?9?1?,1.735,-0.63%
2020?8?31?,1.746,-0.91%
2020?8?28?,1.762,-0.11%
2020?8?27?,1.764,3.46%
2020?8?26?,1.705,-4.59%
2020?8?25?,1.787,-1.22%
2020?8?24?,1.809,-0.33%
2020?8?21?,1.815,-0.55%
2020?8?20?,1.825,-0.65%
2020?8?19?,1.837,-3.62%
2020?8?18?,1.906,-0.94%
2020?8?17?,1.924,0.52%
2020?8?14?,1.914,0.90%
2020?8?13?,1.897,-1.04%
2020?8?12?,1.917,0.79%
2020?8?11?,1.902,-2.11%
2020?8?10?,1.943,0.36%
2020?8?7?,1.936,-4.30%
2020?8?6?,2.023,-0.49%
2020?8?5?,2.033,1.30%
2020?8?4?,2.007,-2.15%
2020?8?3?,2.051,3.07%
2020?7?31?,1.99,3.54%
2020?7?30?,1.922,0.26%
2020?7?29?,1.917,4.87%
2020?7?28?,1.828,0.22%
2020?7?27?,1.824,-0.27%
2020?7?24?,1.829,-6.06%
2020?7?23?,1.947,-0.92%
2020?7?22?,1.965,0.72%
2020?7?21?,1.951,0.15%
2020?7?20?,1.948,2.31%
2020?7?17?,1.904,-0.68%
2020?7?16?,1.917,-8.19%
2020?7?15?,2.088,-6.91%
2020?7?14?,2.243,2.05%
2020?7?13?,2.198,3.92%
2020?7?10?,2.115,2.27%
2020?7?9?,2.068,2.83%
2020?7?8?,2.011,3.02%
2020?7?7?,1.952,2.09%
2020?7?6?,1.912,8.95%
2020?7?3?,1.755,-0.79%
2020?7?2?,1.769,1.14%
2020?7?1?,1.749,1.10%
2020?6?30?,1.73,2.49%
2020?6?29?,1.688,-2.54%
2020?6?26?,1.732,0.00%
2020?6?25?,1.732,0.00%
2020?6?24?,1.732,2.30%
2020?6?23?,1.693,0.36%
2020?6?22?,1.687,4.98%
2020?6?19?,1.607,2.03%
2020?6?18?,1.575,2.94%
2020?6?17?,1.53,-1.23%
2020?6?16?,1.549,1.31%
2020?6?15?,1.529,-3.59%
2020?6?12?,1.586,-1.00%
2020?6?11?,1.602,-0.19%
2020?6?10?,1.605,0.25%
2020?6?9?,1.601,2.83%
2020?6?8?,1.557,-1.21%
2020?6?5?,1.576,2.14%
2020?6?4?,1.543,-2.09%
2020?6?3?,1.576,-0.82%
2020?6?2?,1.589,0.89%
2020?6?1?,1.575,4.44%
2020?5?29?,1.508,-0.53%
2020?5?28?,1.516,-1.30%
2020?5?27?,1.536,-2.48%
2020?5?26?,1.575,3.69%
2020?5?25?,1.519,-2.06%
2020?5?22?,1.551,-1.59%
2020?5?21?,1.576,-3.25%
2020?5?20?,1.629,-3.55%
2020?5?19?,1.689,5.83%
2020?5?18?,1.596,-4.20%
2020?5?15?,1.666,4.85%
2020?5?14?,1.589,-0.94%
2020?5?13?,1.604,0.63%
2020?5?12?,1.594,0.38%
2020?5?11?,1.588,-1.12%
2020?5?8?,1.606,1.07%
2020?5?7?,1.589,-0.75%
2020?5?6?,1.601,7.67%
2020?5?5?,1.487,0.00%
2020?5?4?,1.487,0.00%
2020?5?1?,1.487,0.00%
2020?4?30?,1.487,8.38%
2020?4?29?,1.372,-0.29%
2020?4?28?,1.376,4.88%
2020?4?27?,1.312,0.46%
2020?4?24?,1.306,-1.66%
2020?4?23?,1.328,-1.92%
2020?4?22?,1.354,0.59%
2020?4?21?,1.346,-2.18%
2020?4?20?,1.376,0.73%
2020?4?17?,1.366,2.48%
2020?4?16?,1.333,1.76%
2020?4?15?,1.31,1.47%
2020?4?14?,1.291,3.20%
2020?4?13?,1.251,-3.25%
2020?4?10?,1.293,-5.14%
2020?4?9?,1.363,-1.23%
2020?4?8?,1.38,-0.14%
2020?4?7?,1.382,1.62%
2020?4?6?,1.36,0.00%
2020?4?3?,1.36,-0.51%
2020?4?2?,1.367,8.15%
2020?4?1?,1.264,0.56%
2020?3?31?,1.257,-0.79%
2020?3?30?,1.267,-1.17%
2020?3?27?,1.282,-0.47%
2020?3?26?,1.288,-1.68%
2020?3?25?,1.31,1.95%
2020?3?24?,1.285,1.34%
2020?3?23?,1.268,-7.38%
2020?3?20?,1.369,-1.65%
2020?3?19?,1.392,2.88%
2020?3?18?,1.353,-1.74%
2020?3?17?,1.377,1.10%
2020?3?16?,1.362,-6.65%
2020?3?13?,1.459,1.89%
2020?3?12?,1.432,-0.14%
2020?3?11?,1.434,-4.46%
2020?3?10?,1.501,6.61%
2020?3?9?,1.408,-7.19%
2020?3?6?,1.517,-1.88%
2020?3?5?,1.546,1.38%
2020?3?4?,1.525,-4.15%
2020?3?3?,1.591,0.95%
2020?3?2?,1.576,-0.25%
2020?2?28?,1.58,-3.89%
2020?2?27?,1.644,-2.78%
2020?2?26?,1.691,-6.68%
2020?2?25?,1.812,2.55%
2020?2?24?,1.767,4.49%
2020?2?21?,1.691,1.99%
2020?2?20?,1.658,2.54%
2020?2?19?,1.617,-0.61%
2020?2?18?,1.627,3.50%
2020?2?17?,1.572,2.28%
2020?2?14?,1.537,-0.71%
2020?2?13?,1.548,3.34%
2020?2?12?,1.498,2.81%
2020?2?11?,1.457,1.96%
2020?2?10?,1.429,-2.86%
2020?2?7?,1.471,3.16%
2020?2?6?,1.426,2.37%
2020?2?5?,1.393,0.07%
2020?2?4?,1.392,5.69%
2020?2?3?,1.317,-8.48%
2020?1?31?,1.439,0.00%
2020?1?30?,1.439,0.00%
2020?1?29?,1.439,0.00%
2020?1?28?,1.439,0.00%
2020?1?27?,1.439,0.00%
2020?1?24?,1.439,0.00%
2020?1?23?,1.439,-3.23%
2020?1?22?,1.487,3.19%
2020?1?21?,1.441,0.77%
2020?1?20?,1.43,4.15%
2020?1?17?,1.373,-0.22%
2020?1?16?,1.376,0.07%
2020?1?15?,1.375,1.55%
2020?1?14?,1.354,-2.38%
2020?1?13?,1.387,5.64%
2020?1?10?,1.313,2.74%
2020?1?9?,1.278,3.48%
2020?1?8?,1.235,-0.72%
2020?1?7?,1.244,-0.40%
2020?1?6?,1.249,-0.32%
2020?1?3?,1.253,-1.73%
2020?1?2?,1.275,2.57%
2020?1?1?,1.243,0.00%
2019?12?31?,1.243,-0.08%
2019?12?30?,1.244,0.00%
2019?12?27?,1.244,-3.42%
2019?12?26?,1.288,-1.75%
2019?12?25?,1.311,3.64%
2019?12?24?,1.265,3.18%
2019?12?23?,1.226,-3.01%
2019?12?20?,1.264,-1.40%
2019?12?19?,1.282,-3.32%
2019?12?18?,1.326,0.91%
2019?12?17?,1.314,0.15%
2019?12?16?,1.312,1.63%
2019?12?13?,1.291,0.08%
2019?12?12?,1.29,1.02%
2019?12?11?,1.277,-0.55%
2019?12?10?,1.284,2.64%
2019?12?9?,1.251,0.97%
2019?12?6?,1.239,2.57%
2019?12?5?,1.208,1.09%
2019?12?4?,1.195,0.50%
2019?12?3?,1.189,3.84%
2019?12?2?,1.145,2.60%
2019?11?29?,1.116,-0.45%
2019?11?28?,1.121,-0.18%
2019?11?27?,1.123,3.41%
2019?11?26?,1.086,2.16%
2019?11?25?,1.063,-3.28%
2019?11?22?,1.099,-3.43%
2019?11?21?,1.138,0.26%
2019?11?20?,1.135,-1.30%
2019?11?19?,1.15,1.50%
2019?11?18?,1.133,-1.39%
2019?11?15?,1.149,0.26%
2019?11?14?,1.146,1.96%
2019?11?13?,1.124,4.17%
2019?11?12?,1.079,-0.55%
2019?11?11?,1.085,-1.18%
2019?11?8?,1.098,0.09%
2019?11?7?,1.097,1.01%
2019?11?6?,1.086,-2.60%
2019?11?5?,1.115,2.86%
2019?11?4?,1.084,2.26%
2019?11?1?,1.06,0.76%
2019?10?31?,1.052,-1.13%
2019?10?30?,1.064,2.21%
2019?10?29?,1.041,-3.07%
2019?10?28?,1.074,3.47%
2019?10?25?,1.038,1.96%
2019?10?24?,1.018,-0.68%
2019?10?23?,1.025,-1.06%
2019?10?22?,1.036,3.39%
2019?10?21?,1.002,-0.30%
2019?10?18?,1.005,-2.43%
2019?10?17?,1.03,0.49%
2019?10?16?,1.025,-0.49%
2019?10?15?,1.03,-2.92%
2019?10?14?,1.061,3.51%
2019?10?11?,1.025,-0.97%
2019?10?10?,1.035,2.07%
2019?10?9?,1.014,1.60%
2019?10?8?,0.998,-1.77%
2019?10?7?,1.016,0.00%
2019?10?4?,1.016,0.00%
2019?10?3?,1.016,0.00%
2019?10?2?,1.016,0.00%
2019?10?1?,1.016,0.00%
2019?9?30?,1.016,-2.31%
2019?9?27?,1.04,1.27%
2019?9?26?,1.027,-5.00%
2019?9?25?,1.081,-3.83%
2019?9?24?,1.124,-1.58%
2019?9?23?,1.142,3.63%
2019?9?20?,1.102,2.70%
2019?9?19?,1.073,2.19%
2019?9?18?,1.05,-0.76%
2019?9?17?,1.058,-1.86%
2019?9?16?,1.078,1.22%
2019?9?13?,1.065,0.00%
2019?9?12?,1.065,-0.19%
2019?9?11?,1.067,-0.93%
2019?9?10?,1.077,-2.62%
2019?9?9?,1.106,5.43%
2019?9?6?,1.049,-0.57%
2019?9?5?,1.055,1.05%
2019?9?4?,1.044,0.77%
2019?9?3?,1.036,4.23%
2019?9?2?,0.994,6.77%
2019?8?30?,0.931,-1.06%
2019?8?29?,0.941,5.02%
2019?8?28?,0.896,-0.11%
2019?8?27?,0.897,2.63%
2019?8?26?,0.874,0.11%
2019?8?23?,0.873,0.23%
2019?8?22?,0.871,-1.58%
2019?8?21?,0.885,2.31%
2019?8?20?,0.865,0.23%
2019?8?19?,0.863,5.37%
2019?8?16?,0.819,0.74%
2019?8?15?,0.813,1.75%
2019?8?14?,0.799,-0.50%
2019?8?13?,0.803,-0.50%
2019?8?12?,0.807,4.26%
2019?8?9?,0.774,-1.02%
2019?8?8?,0.782,1.56%
2019?8?7?,0.77,-1.41%
2019?8?6?,0.781,-1.88%
2019?8?5?,0.796,0.38%
2019?8?2?,0.793,-0.38%
2019?8?1?,0.796,0.25%
2019?7?31?,0.794,0.13%
2019?7?30?,0.793,-0.88%
2019?7?29?,0.8,0.88%
2019?7?26?,0.793,-1.25%
2019?7?25?,0.803,1.65%
2019?7?24?,0.79,2.46%
2019?7?23?,0.771,1.18%
2019?7?22?,0.762,-0.13%
2019?7?19?,0.763,0.13%
2019?7?18?,0.762,-2.56%
2019?7?17?,0.782,-0.13%
2019?7?16?,0.783,0.90%
2019?7?15?,0.776,4.02%
2019?7?12?,0.746,-0.27%
2019?7?11?,0.748,-0.93%
2019?7?10?,0.755,0.40%
2019?7?9?,0.752,0.94%
2019?7?8?,0.745,-4.36%
2019?7?5?,0.779,0.65%
2019?7?4?,0.774,-0.13%
2019?7?3?,0.775,-2.88%
2019?7?2?,0.798,-1.85%
2019?7?1?,0.813,3.96%
2019?6?30?,0.782,0.00%
2019?6?28?,0.782,-1.51%
2019?6?27?,0.794,1.93%
2019?6?26?,0.779,-0.76%
2019?6?25?,0.785,-1.38%
2019?6?24?,0.796,-1.12%
2019?6?21?,0.805,3.21%
2019?6?20?,0.78,1.56%
2019?6?19?,0.768,1.72%
2019?6?18?,0.755,-0.26%
2019?6?17?,0.757,-1.43%
2019?6?14?,0.768,-2.91%
2019?6?13?,0.791,-0.25%
2019?6?12?,0.793,0.89%
2019?6?11?,0.786,3.29%
2019?6?10?,0.761,1.47%
2019?6?7?,0.75,0.00%
2019?6?6?,0.75,-2.85%
2019?6?5?,0.772,-0.77%
2019?6?4?,0.778,-2.38%
2019?6?3?,0.797,0.38%
2019?5?31?,0.794,0.38%
2019?5?30?,0.791,-2.83%
2019?5?29?,0.814,0.00%
2019?5?28?,0.814,0.87%
2019?5?27?,0.807,4.81%
2019?5?24?,0.77,-2.90%
2019?5?23?,0.793,-5.03%
2019?5?22?,0.835,3.34%
2019?5?21?,0.808,1.38%
2019?5?20?,0.797,3.24%
2019?5?17?,0.772,-2.28%
2019?5?16?,0.79,-1.50%
2019?5?15?,0.802,1.52%
2019?5?14?,0.79,-0.88%
2019?5?13?,0.797,-0.25%
2019?5?10?,0.799,6.68%
2019?5?9?,0.749,0.13%
2019?5?8?,0.748,0.40%
2019?5?7?,0.745,-0.27%
2019?5?6?,0.747,-6.04%
2019?5?3?,0.795,0.00%
2019?5?2?,0.795,0.00%
2019?5?1?,0.795,0.00%
2019?4?30?,0.795,-1.97%
2019?4?29?,0.811,-5.04%
2019?4?26?,0.854,-0.58%
2019?4?25?,0.859,-4.13%
2019?4?24?,0.896,2.99%
2019?4?23?,0.87,-3.55%
2019?4?22?,0.902,-1.64%
2019?4?19?,0.917,0.11%
2019?4?18?,0.916,-0.87%
2019?4?17?,0.924,0.33%
2019?4?16?,0.921,2.68%
2019?4?15?,0.897,-0.55%
2019?4?12?,0.902,-0.77%
2019?4?11?,0.909,-3.71%
2019?4?10?,0.944,-0.21%
2019?4?9?,0.946,-0.73%
2019?4?8?,0.953,-3.64%
2019?4?5?,0.989,0.00%
2019?4?4?,0.989,2.17%
2019?4?3?,0.968,-0.31%
2019?4?2?,0.971,0.62%
2019?4?1?,0.965,5.35%
2019?3?29?,0.916,2.69%
2019?3?28?,0.892,-3.15%
2019?3?27?,0.921,-1.92%
2019?3?26?,0.939,-1.57%
2019?3?25?,0.954,0.53%
2019?3?22?,0.949,0.32%
2019?3?21?,0.946,1.83%
2019?3?20?,0.929,-0.96%
2019?3?19?,0.938,3.99%
2019?3?18?,0.902,1.69%
2019?3?15?,0.887,-1.11%
2019?3?14?,0.897,-2.07%
2019?3?13?,0.916,-5.08%
2019?3?12?,0.965,2.66%
2019?3?11?,0.94,0.64%
2019?3?8?,0.934,2.30%
2019?3?7?,0.913,2.58%
2019?3?6?,0.89,2.30%
2019?3?5?,0.87,5.07%
2019?3?4?,0.828,2.35%
2019?3?1?,0.809,0.62%
2019?2?28?,0.804,-0.12%
2019?2?27?,0.805,-0.86%
2019?2?26?,0.812,0.12%
2019?2?25?,0.811,7.28%
2019?2?22?,0.756,5.00%
2019?2?21?,0.72,0.14%
2019?2?20?,0.719,-1.24%
2019?2?19?,0.728,0.55%
2019?2?18?,0.724,4.02%
2019?2?15?,0.696,-1.14%
2019?2?14?,0.704,0.72%
2019?2?13?,0.699,2.95%
2019?2?12?,0.679,-0.15%
2019?2?11?,0.68,3.66%
2019?2?8?,0.656,0.00%
2019?2?7?,0.656,0.00%
2019?2?6?,0.656,0.00%
2019?2?5?,0.656,0.00%
2019?2?4?,0.656,0.00%
2019?2?1?,0.656,3.14%
2019?1?31?,0.636,-0.16%
2019?1?30?,0.637,-2.00%
2019?1?29?,0.65,-0.31%
2019?1?28?,0.652,1.09%
2019?1?25?,0.645,-0.77%
2019?1?24?,0.65,1.09%
2019?1?23?,0.643,-0.31%
2019?1?22?,0.645,-1.83%
2019?1?21?,0.657,1.23%
2019?1?18?,0.649,0.93%
2019?1?17?,0.643,-1.53%
2019?1?16?,0.653,0.15%
2019?1?15?,0.652,1.56%
2019?1?14?,0.642,-1.08%
2019?1?11?,0.649,0.62%
2019?1?10?,0.645,-0.92%
2019?1?9?,0.651,-0.15%
2019?1?8?,0.652,-0.46%
2019?1?7?,0.655,2.18%
2019?1?4?,0.641,3.55%
2019?1?3?,0.619,-1.90%
2019?1?2?,0.631,-0.79%
2019?1?1?,0.636,0.00%
2018?12?31?,0.636,0.00%
2018?12?28?,0.636,-0.93%
2018?12?27?,0.642,-1.08%
2018?12?26?,0.649,-0.76%
2018?12?25?,0.654,0.00%
2018?12?24?,0.654,1.87%
2018?12?21?,0.642,0.47%
2018?12?20?,0.639,0.31%
2018?12?19?,0.637,-1.24%
2018?12?18?,0.645,-0.31%
2018?12?17?,0.647,-1.82%
2018?12?14?,0.659,-2.37%
2018?12?13?,0.675,1.05%
2018?12?12?,0.668,-0.45%
2018?12?11?,0.671,0.30%
2018?12?10?,0.669,0.30%
2018?12?7?,0.667,0.76%
2018?12?6?,0.662,-2.65%
2018?12?5?,0.68,-0.73%
2018?12?4?,0.685,-0.15%
2018?12?3?,0.686,3.31%
2018?11?30?,0.664,0.76%
2018?11?29?,0.659,-3.80%
2018?11?28?,0.685,0.15%
2018?11?27?,0.684,1.63%
2018?11?26?,0.673,-0.15%
2018?11?23?,0.674,-3.85%
2018?11?22?,0.701,0.86%
2018?11?21?,0.695,-0.29%
2018?11?20?,0.697,-3.73%
2018?11?19?,0.724,-0.14%
2018?11?16?,0.725,2.11%
2018?11?15?,0.71,2.45%
2018?11?14?,0.693,-0.57%
2018?11?13?,0.697,0.00%
2018?11?12?,0.697,3.87%
2018?11?9?,0.671,0.15%
2018?11?8?,0.67,-1.76%
2018?11?7?,0.682,0.59%
2018?11?6?,0.678,-0.59%
2018?11?5?,0.682,-0.44%
2018?11?2?,0.685,3.79%
2018?11?1?,0.66,1.85%
2018?10?31?,0.648,0.78%
2018?10?30?,0.643,-0.62%
2018?10?29?,0.647,-0.15%
2018?10?26?,0.648,-0.61%
2018?10?25?,0.652,-2.69%
2018?10?24?,0.67,-0.74%
2018?10?23?,0.675,-2.88%
2018?10?22?,0.695,4.51%
2018?10?19?,0.665,3.74%
2018?10?18?,0.641,-1.08%
2018?10?17?,0.648,3.51%
2018?10?16?,0.626,-3.54%
2018?10?15?,0.649,-0.76%
2018?10?12?,0.654,1.71%
2018?10?11?,0.643,-7.08%
2018?10?10?,0.692,-0.14%
2018?10?9?,0.693,-2.39%
2018?10?8?,0.71,-4.83%
2018?10?5?,0.746,0.00%
2018?10?4?,0.746,0.00%
2018?10?3?,0.746,0.00%
2018?10?2?,0.746,0.00%
2018?10?1?,0.746,0.00%
2018?9?28?,0.746,0.13%
2018?9?27?,0.745,-0.80%
2018?9?26?,0.751,0.40%
2018?9?25?,0.748,0.81%
2018?9?24?,0.742,0.00%
2018?9?21?,0.742,0.27%
2018?9?20?,0.74,-1.07%
2018?9?19?,0.748,1.08%
2018?9?18?,0.74,2.35%
2018?9?17?,0.723,-0.69%
2018?9?14?,0.728,-4.08%
2018?9?13?,0.759,1.07%
2018?9?12?,0.751,-1.44%
2018?9?11?,0.762,0.93%
2018?9?10?,0.755,-3.45%
2018?9?7?,0.782,-5.56%
2018?9?6?,0.828,0.61%
2018?9?5?,0.823,-1.91%
2018?9?4?,0.839,2.07%
2018?9?3?,0.822,1.86%
2018?8?31?,0.807,-0.25%
2018?8?30?,0.809,-2.65%
2018?8?29?,0.831,-0.48%
2018?8?28?,0.835,0.85%
2018?8?27?,0.828,2.60%
2018?8?24?,0.807,-0.37%
2018?8?23?,0.81,3.32%
2018?8?22?,0.784,-1.88%
2018?8?21?,0.799,-0.25%
2018?8?20?,0.801,2.82%
2018?8?17?,0.779,-2.26%
2018?8?16?,0.797,-2.09%
2018?8?15?,0.814,-1.45%
2018?8?14?,0.826,-2.48%
2018?8?13?,0.847,3.42%
2018?8?10?,0.819,2.25%
2018?8?9?,0.801,6.37%
2018?8?8?,0.753,-2.71%
2018?8?7?,0.774,3.75%
2018?8?6?,0.746,-0.93%
2018?8?3?,0.753,-3.46%
2018?8?2?,0.78,-1.27%
